,Kata ID,Completion Period,Tags
0,5506b230a11c0aeab3000c1f,2022-12-13,Fundamentals
1,53f0f358b9cb376eca001079,2022-12-13,Fundamentals
2,534d2f5b5371ecf8d2000a08,2022-12-12,Arrays
3,534d2f5b5371ecf8d2000a08,2022-12-12,Fundamentals
4,5d5ee4c35162d9001af7d699,2022-12-12,Fundamentals
5,5d5ee4c35162d9001af7d699,2022-12-12,Arrays
6,5aff237c578a14752d0035ae,2022-12-12,Fundamentals
7,56efc695740d30f963000557,2022-12-12,Fundamentals
8,545a4c5a61aa4c6916000755,2022-12-12,Arrays
9,545a4c5a61aa4c6916000755,2022-12-12,Fundamentals
10,5302d846be2a9189af0001e4,2022-12-12,Strings
11,5302d846be2a9189af0001e4,2022-12-12,Fundamentals
12,534e01fbbb17187c7e0000c6,2022-12-01,Algorithms
13,534e01fbbb17187c7e0000c6,2022-12-01,Arrays
14,534e01fbbb17187c7e0000c6,2022-12-01,Logic
15,52bb6539a4cf1b12d90005b7,2022-12-01,Games
16,52bb6539a4cf1b12d90005b7,2022-12-01,Arrays
17,52bb6539a4cf1b12d90005b7,2022-12-01,Algorithms
18,526dbd6c8c0eb53254000110,2022-11-30,Regular Expressions
19,526dbd6c8c0eb53254000110,2022-11-30,Strings
20,52e1476c8147a7547a000811,2022-11-30,Regular Expressions
21,52e1476c8147a7547a000811,2022-11-30,Fundamentals
22,5270d0d18625160ada0000e4,2022-11-29,Algorithms
23,55c04b4cc56a697bb0000048,2022-11-29,Strings
24,55c04b4cc56a697bb0000048,2022-11-29,Performance
25,55c04b4cc56a697bb0000048,2022-11-29,Algorithms
26,52f787eb172a8b4ae1000a34,2022-11-29,Algorithms
27,52f787eb172a8b4ae1000a34,2022-11-29,Logic
28,52f787eb172a8b4ae1000a34,2022-11-29,Mathematics
29,54b724efac3d5402db00065e,2022-11-28,Algorithms
30,515de9ae9dcfc28eb6000001,2022-11-27,Regular Expressions
31,515de9ae9dcfc28eb6000001,2022-11-27,Strings
32,515de9ae9dcfc28eb6000001,2022-11-27,Algorithms
33,517abf86da9663f1d2000003,2022-11-27,Regular Expressions
34,517abf86da9663f1d2000003,2022-11-27,Algorithms
35,517abf86da9663f1d2000003,2022-11-27,Strings
36,5526fc09a1bbd946250002dc,2022-11-27,Algorithms
37,52c31f8e6605bcc646000082,2022-11-27,Arrays
38,52c31f8e6605bcc646000082,2022-11-27,Fundamentals
39,52c31f8e6605bcc646000082,2022-11-27,Algorithms
40,5b180e9fedaa564a7000009a,2022-11-27,Fundamentals
41,59fca81a5712f9fa4700159a,2022-11-27,Mathematics
42,59fca81a5712f9fa4700159a,2022-11-27,Algorithms
43,59fca81a5712f9fa4700159a,2022-11-27,Fundamentals
44,59cfc000aeb2844d16000075,2022-11-27,Strings
45,59cfc000aeb2844d16000075,2022-11-27,Fundamentals
46,58ca658cc0d6401f2700045f,2022-11-27,Fundamentals
47,58ca658cc0d6401f2700045f,2022-11-27,Arrays
48,57e92e91b63b6cbac20001e5,2022-11-27,Fundamentals
49,57e92e91b63b6cbac20001e5,2022-11-27,Mathematics
50,57ee99a16c8df7b02d00045f,2022-11-27,Arrays
51,57ee99a16c8df7b02d00045f,2022-11-27,Sorting
52,57ee99a16c8df7b02d00045f,2022-11-27,Fundamentals
53,56530b444e831334c0000020,2022-11-27,Fundamentals
54,55ecd718f46fba02e5000029,2022-11-26,Fundamentals
55,55ecd718f46fba02e5000029,2022-11-26,Algorithms
56,555086d53eac039a2a000083,2022-11-26,Fundamentals
57,54d512e62a5e54c96200019e,2022-11-25,Fundamentals
58,54d512e62a5e54c96200019e,2022-11-25,Mathematics
59,53af2b8861023f1d88000832,2022-11-25,Strings
60,53af2b8861023f1d88000832,2022-11-25,Fundamentals
61,52ceafd1f235ce81aa00073a,2022-11-25,Fundamentals
62,57814d79a56c88e3e0000786,2022-11-25,Cryptography
63,57814d79a56c88e3e0000786,2022-11-25,Algorithms
64,57814d79a56c88e3e0000786,2022-11-25,Strings
65,57814d79a56c88e3e0000786,2022-11-25,Arrays
66,57814d79a56c88e3e0000786,2022-11-25,Fundamentals
67,566fc12495810954b1000030,2022-11-25,Fundamentals
68,5667e8f4e3f572a8f2000039,2022-11-25,Fundamentals
69,5667e8f4e3f572a8f2000039,2022-11-25,Strings
70,5667e8f4e3f572a8f2000039,2022-11-25,Puzzles
71,53dbd5315a3c69eed20002dd,2022-11-25,Lists
72,53dbd5315a3c69eed20002dd,2022-11-25,Filtering
73,53dbd5315a3c69eed20002dd,2022-11-25,Data Structures
74,53dbd5315a3c69eed20002dd,2022-11-25,Fundamentals
75,539ee3b6757843632d00026b,2022-11-25,Strings
76,539ee3b6757843632d00026b,2022-11-25,Arrays
77,539ee3b6757843632d00026b,2022-11-25,Fundamentals
78,5c8bfa44b9d1192e1ebd3d15,2022-11-22,Fundamentals
79,5c8bfa44b9d1192e1ebd3d15,2022-11-22,Arrays
80,59441520102eaa25260000bf,2022-11-22,Restricted
81,59441520102eaa25260000bf,2022-11-22,Fundamentals
82,59441520102eaa25260000bf,2022-11-22,Puzzles
83,57a55c8b72292d057b000594,2022-11-22,Fundamentals
84,57a55c8b72292d057b000594,2022-11-22,Strings
85,570a6a46455d08ff8d001002,2022-11-22,Fundamentals
86,56170e844da7c6f647000063,2022-11-22,Fundamentals
87,5949481f86420f59480000e7,2022-11-22,Fundamentals
88,5949481f86420f59480000e7,2022-11-22,Arrays
89,578553c3a1b8d5c40300037c,2022-11-22,Fundamentals
90,578553c3a1b8d5c40300037c,2022-11-22,Arrays
91,5679aa472b8f57fb8c000047,2022-11-21,Algorithms
92,5679aa472b8f57fb8c000047,2022-11-21,Arrays
93,5679aa472b8f57fb8c000047,2022-11-21,Fundamentals
94,55ad04714f0b468e8200001c,2022-11-21,Fundamentals
95,51f2b4448cadf20ed0000386,2022-11-21,Regular Expressions
96,51f2b4448cadf20ed0000386,2022-11-21,Strings
97,51f2b4448cadf20ed0000386,2022-11-21,Fundamentals
98,57cfdf34902f6ba3d300001e,2022-11-21,Fundamentals
99,57cfdf34902f6ba3d300001e,2022-11-21,Strings
100,57cfdf34902f6ba3d300001e,2022-11-21,Arrays
101,57cfdf34902f6ba3d300001e,2022-11-21,Sorting
102,57a4d500e298a7952100035d,2022-11-21,Fundamentals
103,56fa3c5ce4d45d2a52001b3c,2022-11-21,Fundamentals
104,563f037412e5ada593000114,2022-11-21,Fundamentals
105,545afd0761aa4c3055001386,2022-11-21,Fundamentals
106,5ac6932b2f317b96980000ca,2022-11-21,Fundamentals
107,5a3fe3dde1ce0e8ed6000097,2022-11-21,Fundamentals
108,5a3fe3dde1ce0e8ed6000097,2022-11-21,Mathematics
109,5899dc03bc95b1bf1b0000ad,2022-11-21,Lists
110,5899dc03bc95b1bf1b0000ad,2022-11-21,Fundamentals
111,5899dc03bc95b1bf1b0000ad,2022-11-21,Arrays
112,586c1cf4b98de0399300001d,2022-11-21,Fundamentals
113,51b6249c4612257ac0000005,2022-11-21,Algorithms
114,51b66044bce5799a7f000003,2022-11-21,Algorithms
115,57ec8bd8f670e9a47a000f89,2022-11-20,Strings
116,57ec8bd8f670e9a47a000f89,2022-11-20,Logic
117,57ec8bd8f670e9a47a000f89,2022-11-20,Fundamentals
118,57eae20f5500ad98e50002c5,2022-11-20,Fundamentals
119,57eae20f5500ad98e50002c5,2022-11-20,Strings
120,54bf85e3d5b56c7a05000cf9,2022-11-20,Arrays
121,54bf85e3d5b56c7a05000cf9,2022-11-20,Fundamentals
122,5174a4c0f2769dd8b1000003,2022-11-20,Fundamentals
123,5808dcb8f0ed42ae34000031,2022-11-20,Fundamentals
124,574b3b1599d8f897470018f6,2022-11-20,Fundamentals
125,56200d610758762fb0000002,2022-11-20,Fundamentals
126,55a2d7ebe362935a210000b2,2022-11-20,Fundamentals
127,578aa45ee9fd15ff4600090d,2022-11-20,Fundamentals
128,578aa45ee9fd15ff4600090d,2022-11-20,Arrays
129,578aa45ee9fd15ff4600090d,2022-11-20,Sorting
130,571d42206414b103dc0006a1,2022-11-20,Arrays
131,571d42206414b103dc0006a1,2022-11-20,Fundamentals
132,55d1d6d5955ec6365400006d,2022-11-20,Fundamentals
133,55a5bfaa756cfede78000026,2022-11-20,Fundamentals
134,54b42f9314d9229fd6000d9c,2022-11-20,Strings
135,54b42f9314d9229fd6000d9c,2022-11-20,Arrays
136,54b42f9314d9229fd6000d9c,2022-11-20,Fundamentals
137,5ce9c1000bab0b001134f5af,2022-11-20,Fundamentals
138,5ce9c1000bab0b001134f5af,2022-11-20,Mathematics
139,5865918c6b569962950002a1,2022-11-20,Fundamentals
140,5865918c6b569962950002a1,2022-11-20,Strings
141,57fae964d80daa229d000126,2022-11-20,Fundamentals
142,57fae964d80daa229d000126,2022-11-20,Strings
143,57a083a57cb1f31db7000028,2022-11-20,Mathematics
144,57a083a57cb1f31db7000028,2022-11-20,Fundamentals
145,57356c55867b9b7a60000bd7,2022-11-20,Mathematics
146,57356c55867b9b7a60000bd7,2022-11-20,Fundamentals
147,57202aefe8d6c514300001fd,2022-11-20,Fundamentals
148,57202aefe8d6c514300001fd,2022-11-20,Tutorials
149,5626b561280a42ecc50000d1,2022-11-20,Fundamentals
150,5626b561280a42ecc50000d1,2022-11-20,Mathematics
151,53da6d8d112bd1a0dc00008b,2022-11-20,Lists
152,53da6d8d112bd1a0dc00008b,2022-11-20,Fundamentals
153,57cc975ed542d3148f00015b,2022-11-20,Fundamentals
154,57cc975ed542d3148f00015b,2022-11-20,Strings
155,57cc975ed542d3148f00015b,2022-11-20,Arrays
156,5625618b1fe21ab49f00001f,2022-11-20,Fundamentals
157,529eef7a9194e0cbc1000255,2022-11-20,Strings
158,529eef7a9194e0cbc1000255,2022-11-20,Fundamentals
159,52b7ed099cdc285c300001cd,2022-11-19,Algorithms
160,52b7ed099cdc285c300001cd,2022-11-19,Performance
161,5254ca2719453dcc0b00027d,2022-11-19,Permutations
162,5254ca2719453dcc0b00027d,2022-11-19,Strings
163,5254ca2719453dcc0b00027d,2022-11-19,Algorithms
164,5263c6999e0f40dee200059d,2022-11-19,Algorithms
165,59821d485a49f4d71f00000b,2022-11-19,Algorithms
166,59821d485a49f4d71f00000b,2022-11-19,SQL
167,5977b6641e250a661a0000f0,2022-11-19,SQL
168,5977b6641e250a661a0000f0,2022-11-19,Algorithms
169,580fe518cefeff16d00000c0,2022-11-18,SQL
170,580fe518cefeff16d00000c0,2022-11-18,Fundamentals
171,5802e32dd8c944e562000020,2022-11-18,Databases
172,5802e32dd8c944e562000020,2022-11-18,Fundamentals
173,5802e32dd8c944e562000020,2022-11-18,SQL
174,581283eb0a5fb13e06000020,2022-11-18,Fundamentals
175,581283eb0a5fb13e06000020,2022-11-18,SQL
176,591127cbe8b9fb05bd00004b,2022-11-18,Fundamentals
177,591127cbe8b9fb05bd00004b,2022-11-18,SQL
178,591127cbe8b9fb05bd00004b,2022-11-18,Databases
179,59401e0e54a655a298000040,2022-11-18,Fundamentals
180,59401e0e54a655a298000040,2022-11-18,SQL
181,59414360f5c3947364000070,2022-11-18,Fundamentals
182,59414360f5c3947364000070,2022-11-18,SQL
183,59413d53f5c3947364000016,2022-11-18,Fundamentals
184,59413d53f5c3947364000016,2022-11-18,Regular Expressions
185,59413d53f5c3947364000016,2022-11-18,SQL
186,5942b066db68b6f35f000084,2022-11-18,Fundamentals
187,5942b066db68b6f35f000084,2022-11-18,Regular Expressions
188,5942b066db68b6f35f000084,2022-11-18,SQL
189,5943a58f95d5f72cb900006a,2022-11-18,Fundamentals
190,5943a58f95d5f72cb900006a,2022-11-18,SQL
191,5943b797d8c9432eb7000066,2022-11-18,Fundamentals
192,5943b797d8c9432eb7000066,2022-11-18,SQL
193,59440034e94fae05b2000073,2022-11-18,Fundamentals
194,59440034e94fae05b2000073,2022-11-18,Strings
195,59440034e94fae05b2000073,2022-11-18,SQL
196,594633020a561e329a0000a2,2022-11-18,Fundamentals
197,594633020a561e329a0000a2,2022-11-18,SQL
198,594804a218e96caa8d00051b,2022-11-18,Fundamentals
199,594804a218e96caa8d00051b,2022-11-18,Strings
200,594804a218e96caa8d00051b,2022-11-18,SQL
201,59491429952ac97ad9000106,2022-11-18,Fundamentals
202,59491429952ac97ad9000106,2022-11-18,Strings
203,59491429952ac97ad9000106,2022-11-18,SQL
204,594a6ad320ac16a54400007f,2022-11-18,Fundamentals
205,594a6ad320ac16a54400007f,2022-11-18,Mathematics
206,594a6ad320ac16a54400007f,2022-11-18,SQL
207,594a8f653b5b4e8f3d000035,2022-11-18,Fundamentals
208,594a8f653b5b4e8f3d000035,2022-11-18,Mathematics
209,594a8f653b5b4e8f3d000035,2022-11-18,SQL
210,594a8f2f7ca3c692a4000041,2022-11-18,Fundamentals
211,594a8f2f7ca3c692a4000041,2022-11-18,Mathematics
212,594a8f2f7ca3c692a4000041,2022-11-18,SQL
213,5a8eb3fb57c562110f0000a1,2022-11-18,SQL
214,5a8eb3fb57c562110f0000a1,2022-11-18,Databases
215,5a8eb3fb57c562110f0000a1,2022-11-18,Fundamentals
216,594900e16fd782a607000059,2022-11-18,Fundamentals
217,594900e16fd782a607000059,2022-11-18,Strings
218,594900e16fd782a607000059,2022-11-18,SQL
219,5a8ec692b17101bfc70001ba,2022-11-18,SQL
220,5a8ec692b17101bfc70001ba,2022-11-18,Databases
221,5a8ec692b17101bfc70001ba,2022-11-18,Fundamentals
222,5a8f00745084d718940000c5,2022-11-18,SQL
223,5a8f00745084d718940000c5,2022-11-18,Databases
224,5a8f00745084d718940000c5,2022-11-18,Fundamentals
225,5ab7a736edbcfc8e62000007,2022-11-18,Fundamentals
226,5ab7a736edbcfc8e62000007,2022-11-18,SQL
227,5ab7a736edbcfc8e62000007,2022-11-18,Databases
228,5ab828bcedbcfc65ea000099,2022-11-18,Fundamentals
229,5ab828bcedbcfc65ea000099,2022-11-18,SQL
230,5ab828bcedbcfc65ea000099,2022-11-18,Databases
231,5ab828bcedbcfc65ea000099,2022-11-18,Data Science
232,5abcf0f930488ff1a6000b66,2022-11-18,Fundamentals
233,5abcf0f930488ff1a6000b66,2022-11-18,SQL
234,5abcf0f930488ff1a6000b66,2022-11-18,Databases
235,5abcf0f930488ff1a6000b66,2022-11-18,Data Science
236,5ac698cdd325ad18a3000170,2022-11-18,Fundamentals
237,5ac698cdd325ad18a3000170,2022-11-18,SQL
238,5ac698cdd325ad18a3000170,2022-11-18,Databases
239,5ac698cdd325ad18a3000170,2022-11-18,Data Science
240,5ad90fb688a0b74111000055,2022-11-18,Fundamentals
241,5ad90fb688a0b74111000055,2022-11-18,SQL
242,5ad90fb688a0b74111000055,2022-11-18,Databases
243,5ad90fb688a0b74111000055,2022-11-18,Data Science
244,5809508cc47d327c12000084,2022-11-17,SQL
245,5809508cc47d327c12000084,2022-11-17,Filtering
246,5809508cc47d327c12000084,2022-11-17,Databases
247,5809508cc47d327c12000084,2022-11-17,Fundamentals
248,5809b9ef88b750ab180001ec,2022-11-17,Databases
249,5809b9ef88b750ab180001ec,2022-11-17,SQL
250,58110da0009b4f7ef80000ad,2022-11-17,SQL
251,58110da0009b4f7ef80000ad,2022-11-17,Fundamentals
252,581113dce10b531b1d0000bd,2022-11-17,SQL
253,581113dce10b531b1d0000bd,2022-11-17,Fundamentals
254,58111670e10b53be31000108,2022-11-17,SQL
255,58111670e10b53be31000108,2022-11-17,Fundamentals
256,582365c18917435ab3000020,2022-11-17,SQL
257,582365c18917435ab3000020,2022-11-17,Fundamentals
258,590a95eede09f87472000213,2022-11-17,Fundamentals
259,590a95eede09f87472000213,2022-11-17,SQL
260,590a95eede09f87472000213,2022-11-17,Databases
261,590a95eede09f87472000213,2022-11-17,Data Science
262,590ba881fe13cfdcc20001b4,2022-11-17,Fundamentals
263,590ba881fe13cfdcc20001b4,2022-11-17,SQL
264,590ba881fe13cfdcc20001b4,2022-11-17,Databases
265,590ba881fe13cfdcc20001b4,2022-11-17,Data Science
266,590cc86f7557c0494000007e,2022-11-17,Fundamentals
267,590cc86f7557c0494000007e,2022-11-17,SQL
268,590cc86f7557c0494000007e,2022-11-17,Databases
269,5910b0d378cc2ba91400000b,2022-11-17,Fundamentals
270,5910b0d378cc2ba91400000b,2022-11-17,SQL
271,5910b0d378cc2ba91400000b,2022-11-17,Databases
272,593ed37c93350098d600001d,2022-11-17,Fundamentals
273,593ed37c93350098d600001d,2022-11-17,SQL
274,594800ba6fb152624300006d,2022-11-17,Fundamentals
275,594800ba6fb152624300006d,2022-11-17,Strings
276,594800ba6fb152624300006d,2022-11-17,SQL
277,594a50bafd3b7031c1000013,2022-11-17,Fundamentals
278,594a50bafd3b7031c1000013,2022-11-17,SQL
279,594a6133704e4daf5d00003d,2022-11-17,Fundamentals
280,594a6133704e4daf5d00003d,2022-11-17,SQL
281,594a691720ac16a544000075,2022-11-17,Fundamentals
282,594a691720ac16a544000075,2022-11-17,Mathematics
283,594a691720ac16a544000075,2022-11-17,SQL
284,5a8d94d3ba1bb569e5000198,2022-11-17,Fundamentals
285,5a8d94d3ba1bb569e5000198,2022-11-17,SQL
286,5a8d94d3ba1bb569e5000198,2022-11-17,Databases
287,59cb550486a6fd10b50000ad,2022-11-17,Fundamentals
288,59cb550486a6fd10b50000ad,2022-11-17,SQL
289,58111f4ee10b5301a7000175,2022-11-17,SQL
290,58111f4ee10b5301a7000175,2022-11-17,Fundamentals
291,595a3ba3843b0cbf8e000004,2022-11-17,Fundamentals
292,595a3ba3843b0cbf8e000004,2022-11-17,SQL
293,594a8fa5a2db9e5f290000c3,2022-11-17,Fundamentals
294,594a8fa5a2db9e5f290000c3,2022-11-17,Mathematics
295,594a8fa5a2db9e5f290000c3,2022-11-17,SQL
296,594a389387a7c6a77a000005,2022-11-17,Fundamentals
297,594a389387a7c6a77a000005,2022-11-17,Strings
298,594a389387a7c6a77a000005,2022-11-17,SQL
299,594901ba44645fd7bd00005f,2022-11-17,Fundamentals
300,594901ba44645fd7bd00005f,2022-11-17,Strings
301,594901ba44645fd7bd00005f,2022-11-17,SQL
302,594a9592704e4d21bc000131,2022-11-17,Fundamentals
303,594a9592704e4d21bc000131,2022-11-17,Mathematics
304,594a9592704e4d21bc000131,2022-11-17,SQL
305,583710ccaa6717322c000105,2022-11-17,Fundamentals
306,576757b1df89ecf5bd00073b,2022-11-17,Strings
307,576757b1df89ecf5bd00073b,2022-11-17,ASCII Art
308,576757b1df89ecf5bd00073b,2022-11-17,Fundamentals
309,559ac78160f0be07c200005a,2022-11-17,Strings
310,559ac78160f0be07c200005a,2022-11-17,Fundamentals
311,5544c7a5cb454edb3c000047,2022-11-17,Puzzles
312,5544c7a5cb454edb3c000047,2022-11-17,Algorithms
313,5544c7a5cb454edb3c000047,2022-11-17,Mathematics
314,57a6633153ba33189e000074,2022-11-17,Fundamentals
315,545cedaa9943f7fe7b000048,2022-11-17,Strings
316,545cedaa9943f7fe7b000048,2022-11-17,Data Structures
317,545cedaa9943f7fe7b000048,2022-11-17,Fundamentals
318,5ad0d8356165e63c140014d4,2022-11-17,Fundamentals
319,5966e33c4e686b508700002d,2022-11-17,Fundamentals
320,56b1f01c247c01db92000076,2022-11-17,Fundamentals
321,56b1f01c247c01db92000076,2022-11-17,Strings
322,542c0f198e077084c0000c2e,2022-11-17,Number Theory
323,542c0f198e077084c0000c2e,2022-11-17,Mathematics
324,542c0f198e077084c0000c2e,2022-11-17,Fundamentals
325,523b623152af8a30c6000027,2022-11-17,Fundamentals
326,586f6741c66d18c22800010a,2022-11-17,Fundamentals
327,586f6741c66d18c22800010a,2022-11-17,Algorithms
328,586f6741c66d18c22800010a,2022-11-17,Mathematics
329,57ee4a67108d3fd9eb0000e7,2022-11-17,Arrays
330,57ee4a67108d3fd9eb0000e7,2022-11-17,Fundamentals
331,57a1fd2ce298a731b20006a4,2022-11-17,Fundamentals
332,577ff15ad648a14b780000e7,2022-11-17,Fundamentals
333,5601409514fc93442500010b,2022-11-17,Fundamentals
334,55a70521798b14d4750000a4,2022-11-17,Strings
335,55a70521798b14d4750000a4,2022-11-17,Fundamentals
336,557cd6882bfa3c8a9f0000c1,2022-11-17,Fundamentals
337,52fba66badcd10859f00097e,2022-11-17,Strings
338,52fba66badcd10859f00097e,2022-11-17,Regular Expressions
339,52fba66badcd10859f00097e,2022-11-17,Fundamentals
340,583f158ea20cfcbeb400000a,2022-11-17,Fundamentals
341,57f24e6a18e9fad8eb000296,2022-11-17,Arrays
342,57f24e6a18e9fad8eb000296,2022-11-17,Fundamentals
343,563b662a59afc2b5120000c6,2022-11-17,Fundamentals
344,5502c9e7b3216ec63c0001aa,2022-11-17,Fundamentals
345,57f609022f4d534f05000024,2022-11-17,Fundamentals
346,57f609022f4d534f05000024,2022-11-17,Algorithms
347,57ea5b0b75ae11d1e800006c,2022-11-17,Sorting
348,57ea5b0b75ae11d1e800006c,2022-11-17,Arrays
349,57ea5b0b75ae11d1e800006c,2022-11-17,Fundamentals
350,56cd44e1aa4ac7879200010b,2022-11-17,Fundamentals
351,56cd44e1aa4ac7879200010b,2022-11-17,Strings
352,5672a98bdbdd995fad00000f,2022-11-17,Fundamentals
353,5b853229cfde412a470000d0,2022-11-17,Fundamentals
354,5b853229cfde412a470000d0,2022-11-17,Mathematics
355,5ae62fcf252e66d44d00008e,2022-11-17,Algorithms
356,5ae62fcf252e66d44d00008e,2022-11-17,Fundamentals
357,58cb43f4256836ed95000f97,2022-11-17,Fundamentals
358,58261acb22be6e2ed800003a,2022-11-17,Geometry
359,58261acb22be6e2ed800003a,2022-11-17,Fundamentals
360,58261acb22be6e2ed800003a,2022-11-17,Mathematics
361,577bd026df78c19bca0002c0,2022-11-17,Fundamentals
362,577bd026df78c19bca0002c0,2022-11-17,Strings
363,56269eb78ad2e4ced1000013,2022-11-17,Algebra
364,56269eb78ad2e4ced1000013,2022-11-17,Fundamentals
365,554b4ac871d6813a03000035,2022-11-17,Fundamentals
366,554b4ac871d6813a03000035,2022-11-17,Strings
367,51f2d1cafc9c0f745c00037d,2022-11-17,Strings
368,51f2d1cafc9c0f745c00037d,2022-11-17,Fundamentals
369,58649884a1659ed6cb000072,2022-11-17,Fundamentals
370,583203e6eb35d7980400002a,2022-11-17,Regular Expressions
371,583203e6eb35d7980400002a,2022-11-17,Fundamentals
372,57e76bc428d6fbc2d500036d,2022-11-17,Arrays
373,57e76bc428d6fbc2d500036d,2022-11-17,Strings
374,57e76bc428d6fbc2d500036d,2022-11-17,Fundamentals
375,577a98a6ae28071780000989,2022-11-17,Fundamentals
376,56c5847f27be2c3db20009c3,2022-11-17,Puzzles
377,56c5847f27be2c3db20009c3,2022-11-17,Strings
378,56c5847f27be2c3db20009c3,2022-11-17,Number Theory
379,56c5847f27be2c3db20009c3,2022-11-17,Mathematics
380,55f73be6e12baaa5900000d4,2022-11-17,Fundamentals
381,55983863da40caa2c900004e,2022-11-16,Strings
382,55983863da40caa2c900004e,2022-11-16,Refactoring
383,5a6663e9fd56cb5ab800008b,2022-11-16,Fundamentals
384,568dcc3c7f12767a62000038,2022-11-16,Fundamentals
385,568dcc3c7f12767a62000038,2022-11-16,Logic
386,563cf89eb4747c5fb100001b,2022-11-16,Lists
387,563cf89eb4747c5fb100001b,2022-11-16,Arrays
388,563cf89eb4747c5fb100001b,2022-11-16,Fundamentals
389,55f9b48403f6b87a7c0000bd,2022-11-16,Fundamentals
390,550498447451fbbd7600041c,2022-11-16,Fundamentals
391,58f8a3a27a5c28d92e000144,2022-11-16,Arrays
392,58f8a3a27a5c28d92e000144,2022-11-16,Fundamentals
393,582cb0224e56e068d800003c,2022-11-16,Algorithms
394,582cb0224e56e068d800003c,2022-11-16,Mathematics
395,582cb0224e56e068d800003c,2022-11-16,Fundamentals
396,57a0885cbb9944e24c00008e,2022-11-16,Fundamentals
397,57a0885cbb9944e24c00008e,2022-11-16,Strings
398,55cbc3586671f6aa070000fb,2022-11-16,Mathematics
399,55cbc3586671f6aa070000fb,2022-11-16,Fundamentals
400,551b4501ac0447318f0009cd,2022-11-16,Strings
401,551b4501ac0447318f0009cd,2022-11-16,Fundamentals
402,5ab6538b379d20ad880000ab,2022-11-16,Fundamentals
403,5ab6538b379d20ad880000ab,2022-11-16,Mathematics
404,5ab6538b379d20ad880000ab,2022-11-16,Geometry
405,57f781872e3d8ca2a000007e,2022-11-16,Fundamentals
406,57f781872e3d8ca2a000007e,2022-11-16,Arrays
407,55cbd4ba903825f7970000f5,2022-11-16,Fundamentals
408,5a023c426975981341000014,2022-11-16,Fundamentals
409,58f5c63f1e26ecda7e000029,2022-11-16,Arrays
410,58f5c63f1e26ecda7e000029,2022-11-16,Strings
411,58f5c63f1e26ecda7e000029,2022-11-16,Fundamentals
412,5875b200d520904a04000003,2022-11-16,Fundamentals
413,55cb632c1a5d7b3ad0000145,2022-11-15,Fundamentals
414,554ca54ffa7d91b236000023,2022-11-15,Lists
415,554ca54ffa7d91b236000023,2022-11-15,Fundamentals
416,57eaeb9578748ff92a000009,2022-11-15,Fundamentals
417,57eaeb9578748ff92a000009,2022-11-15,Strings
418,57eaeb9578748ff92a000009,2022-11-15,Arrays
419,5772da22b89313a4d50012f7,2022-11-15,Fundamentals
420,5772da22b89313a4d50012f7,2022-11-15,Strings
421,5769b3802ae6f8e4890009d2,2022-11-15,Lists
422,5769b3802ae6f8e4890009d2,2022-11-15,Arrays
423,5769b3802ae6f8e4890009d2,2022-11-15,Fundamentals
424,55fab1ffda3e2e44f00000c6,2022-11-15,Fundamentals
425,53dc23c68a0c93699800041d,2022-11-15,Strings
426,53dc23c68a0c93699800041d,2022-11-15,Arrays
427,53dc23c68a0c93699800041d,2022-11-15,Fundamentals
428,5aa736a455f906981800360d,2022-11-15,Strings
429,5aa736a455f906981800360d,2022-11-15,Fundamentals
430,57eb8fcdf670e99d9b000272,2022-11-15,Fundamentals
431,57eb8fcdf670e99d9b000272,2022-11-15,Strings
432,57eb8fcdf670e99d9b000272,2022-11-15,Arrays
433,57eadb7ecd143f4c9c0000a3,2022-11-15,Strings
434,57eadb7ecd143f4c9c0000a3,2022-11-15,Fundamentals
435,559590633066759614000063,2022-11-15,Lists
436,559590633066759614000063,2022-11-15,Arrays
437,559590633066759614000063,2022-11-15,Fundamentals
438,5556282156230d0e5e000089,2022-11-15,Fundamentals
439,5556282156230d0e5e000089,2022-11-15,Strings
440,57b06f90e298a7b53d000a86,2022-11-15,Arrays
441,57b06f90e298a7b53d000a86,2022-11-15,Fundamentals
442,576bb71bbbcf0951d5000044,2022-11-15,Fundamentals
443,576bb71bbbcf0951d5000044,2022-11-15,Arrays
444,576bb71bbbcf0951d5000044,2022-11-15,Lists
445,5648b12ce68d9daa6b000099,2022-11-15,Fundamentals
446,523b4ff7adca849afe000035,2022-11-15,Fundamentals
447,5168bb5dfe9a00b126000018,2022-11-15,Strings
448,5168bb5dfe9a00b126000018,2022-11-15,Fundamentals
449,5861d28f124b35723e00005e,2022-11-15,Mathematics
450,5861d28f124b35723e00005e,2022-11-15,Fundamentals
451,57f780909f7e8e3183000078,2022-11-15,Fundamentals
452,57f780909f7e8e3183000078,2022-11-15,Arrays
453,57a429e253ba3381850000fb,2022-11-15,Fundamentals
454,57a0556c7cb1f31ab3000ad7,2022-11-15,Fundamentals
455,57a0556c7cb1f31ab3000ad7,2022-11-15,Strings
456,56541980fa08ab47a0000040,2022-11-15,Fundamentals
457,55685cd7ad70877c23000102,2022-11-15,Fundamentals
458,551f37452ff852b7bd000139,2022-11-15,Binary
459,551f37452ff852b7bd000139,2022-11-15,Fundamentals
460,5513795bd3fafb56c200049e,2022-11-15,Arrays
461,5513795bd3fafb56c200049e,2022-11-15,Fundamentals
462,5b077ebdaf15be5c7f000077,2022-11-15,Fundamentals
463,5b077ebdaf15be5c7f000077,2022-11-15,Strings
464,59ca8246d751df55cc00014c,2022-11-15,Fundamentals
465,576b93db1129fcf2200001e6,2022-11-15,Fundamentals
466,55f9bca8ecaa9eac7100004a,2022-11-15,Fundamentals
467,57a2013acf1fa5bfc4000921,2022-11-15,Fundamentals
468,57a2013acf1fa5bfc4000921,2022-11-15,Arrays
469,57a0e5c372292dd76d000d7e,2022-11-15,Fundamentals
470,57a0e5c372292dd76d000d7e,2022-11-15,Strings
471,54e6533c92449cc251001667,2022-11-15,Algorithms
472,54e6533c92449cc251001667,2022-11-15,Fundamentals
473,53ee5429ba190077850011d4,2022-11-15,Fundamentals
474,53dc54212259ed3d4f00071c,2022-11-15,Arrays
475,53dc54212259ed3d4f00071c,2022-11-15,Fundamentals
476,5a00e05cc374cb34d100000d,2022-11-15,Fundamentals
477,56606694ec01347ce800001b,2022-11-15,Mathematics
478,56606694ec01347ce800001b,2022-11-15,Fundamentals
479,55d24f55d7dd296eb9000030,2022-11-15,Fundamentals
480,55d24f55d7dd296eb9000030,2022-11-15,Mathematics
481,54c27a33fb7da0db0100040e,2022-11-15,Fundamentals
482,54c27a33fb7da0db0100040e,2022-11-15,Mathematics
483,57eae65a4321032ce000002d,2022-11-15,Fundamentals
484,57eae65a4321032ce000002d,2022-11-15,Strings
485,57eae65a4321032ce000002d,2022-11-15,Arrays
486,55f8a9c06c018a0d6e000132,2022-11-15,Regular Expressions
487,55f8a9c06c018a0d6e000132,2022-11-15,Fundamentals
488,546f922b54af40e1e90001da,2022-11-15,Strings
489,546f922b54af40e1e90001da,2022-11-15,Fundamentals
490,5259b20d6021e9e14c0010d4,2022-11-15,Strings
491,5259b20d6021e9e14c0010d4,2022-11-15,Fundamentals
492,585d7d5adb20cf33cb000235,2022-11-15,Fundamentals
493,585d7d5adb20cf33cb000235,2022-11-15,Algorithms
494,585d7d5adb20cf33cb000235,2022-11-15,Arrays
495,5715eaedb436cf5606000381,2022-11-15,Arrays
496,5715eaedb436cf5606000381,2022-11-15,Fundamentals
497,56676e8fabd2d1ff3000000c,2022-11-15,Arrays
498,56676e8fabd2d1ff3000000c,2022-11-15,Fundamentals
499,558fc85d8fd1938afb000014,2022-11-15,Arrays
500,558fc85d8fd1938afb000014,2022-11-15,Fundamentals
501,54ff3102c1bad923760001f3,2022-11-15,Strings
502,54ff3102c1bad923760001f3,2022-11-15,Fundamentals
503,5656b6906de340bd1b0000ac,2022-11-15,Fundamentals
504,5583090cbe83f4fd8c000051,2022-11-15,Arrays
505,5583090cbe83f4fd8c000051,2022-11-15,Fundamentals
506,54edbc7200b811e956000556,2022-11-15,Arrays
507,54edbc7200b811e956000556,2022-11-15,Fundamentals
508,54ba84be607a92aa900000f1,2022-11-15,Strings
509,54ba84be607a92aa900000f1,2022-11-15,Fundamentals
510,5390bac347d09b7da40006f6,2022-11-15,Strings
511,5390bac347d09b7da40006f6,2022-11-15,Fundamentals
512,56dec885c54a926dcd001095,2022-11-15,Fundamentals
513,56bc28ad5bdaeb48760009b0,2022-11-15,Strings
514,56bc28ad5bdaeb48760009b0,2022-11-15,Fundamentals
515,55c45be3b2079eccff00010f,2022-11-15,Strings
516,55c45be3b2079eccff00010f,2022-11-15,Fundamentals
517,554e4a2f232cdd87d9000038,2022-11-15,Strings
518,554e4a2f232cdd87d9000038,2022-11-15,Fundamentals
519,5a34af40e1ce0eb1f5000036,2022-11-15,Fundamentals
520,5a34af40e1ce0eb1f5000036,2022-11-15,Arrays
521,5a34af40e1ce0eb1f5000036,2022-11-15,Strings
522,56747fd5cb988479af000028,2022-11-15,Fundamentals
523,56747fd5cb988479af000028,2022-11-15,Strings
524,5803ee0ed5438edcc9000087,2022-11-15,Algorithms
525,54da539698b8a2ad76000228,2022-11-14,Arrays
526,54da539698b8a2ad76000228,2022-11-14,Fundamentals
527,5467e4d82edf8bbf40000155,2022-11-14,Fundamentals
528,5265326f5fda8eb1160004c8,2022-11-14,Strings
529,5265326f5fda8eb1160004c8,2022-11-14,Fundamentals
530,515e271a311df0350d00000f,2022-11-14,Arrays
531,515e271a311df0350d00000f,2022-11-14,Lists
532,515e271a311df0350d00000f,2022-11-14,Fundamentals
533,55f2b110f61eb01779000053,2022-11-14,Fundamentals
534,55f2b110f61eb01779000053,2022-11-14,Algorithms
535,55908aad6620c066bc00002a,2022-11-14,Fundamentals
536,546e2562b03326a88e000020,2022-11-14,Mathematics
537,546e2562b03326a88e000020,2022-11-14,Fundamentals
538,53da3dbb4a5168369a0000fe,2022-11-14,Mathematics
539,53da3dbb4a5168369a0000fe,2022-11-14,Fundamentals
540,53369039d7ab3ac506000467,2022-11-14,Fundamentals
541,51ba717bb08c1cd60f00002f,2022-11-14,Algorithms
542,529bf0e9bdf7657179000008,2022-11-14,Data Structures
543,529bf0e9bdf7657179000008,2022-11-14,Algorithms
544,5324945e2ece5e1f32000370,2022-11-11,Strings
545,5324945e2ece5e1f32000370,2022-11-11,Big Integers
546,5324945e2ece5e1f32000370,2022-11-11,Algorithms
547,521c2db8ddc89b9b7a0000c1,2022-11-09,Arrays
548,521c2db8ddc89b9b7a0000c1,2022-11-09,Algorithms
549,546d15cebed2e10334000ed9,2022-11-07,Mathematics
550,546d15cebed2e10334000ed9,2022-11-07,Algorithms
551,546d15cebed2e10334000ed9,2022-11-07,Puzzles
552,55c6126177c9441a570000cc,2022-11-07,Algorithms
553,52bc74d4ac05d0945d00054e,2022-11-06,Strings
554,52bc74d4ac05d0945d00054e,2022-11-06,Algorithms
555,5541f58a944b85ce6d00006a,2022-11-06,Algorithms
556,5541f58a944b85ce6d00006a,2022-11-06,Mathematics
557,525c65e51bf619685c000059,2022-11-06,Algorithms
558,514a024011ea4fb54200004b,2022-11-06,Parsing
559,514a024011ea4fb54200004b,2022-11-06,Regular Expressions
560,525f3eda17c7cd9f9e000b39,2022-11-06,Functional Programming
561,52449b062fb80683ec000024,2022-11-06,Strings
562,52449b062fb80683ec000024,2022-11-06,Algorithms
563,530e15517bc88ac656000716,2022-11-06,Ciphers
564,530e15517bc88ac656000716,2022-11-06,Fundamentals
565,513e08acc600c94f01000001,2022-11-05,Algorithms
566,52774a314c2333f0a7000688,2022-11-05,Algorithms
567,52597aa56021e91c93000cb0,2022-11-05,Arrays
568,52597aa56021e91c93000cb0,2022-11-05,Sorting
569,52597aa56021e91c93000cb0,2022-11-05,Algorithms
570,520b9d2ad5c005041100000f,2022-11-05,Regular Expressions
571,520b9d2ad5c005041100000f,2022-11-05,Algorithms
572,522551eee9abb932420004a0,2022-11-04,Algorithms
573,54bf1c2cd5b56cc47f0007a1,2022-11-04,Strings
574,54bf1c2cd5b56cc47f0007a1,2022-11-04,Fundamentals
575,526571aae218b8ee490006f4,2022-11-02,Bits
576,526571aae218b8ee490006f4,2022-11-02,Algorithms
577,5264d2b162488dc400000001,2022-11-02,Strings
578,5264d2b162488dc400000001,2022-11-02,Algorithms
579,541c8630095125aba6000c00,2022-11-02,Mathematics
580,541c8630095125aba6000c00,2022-11-02,Algorithms
581,54da5a58ea159efa38000836,2022-11-02,Fundamentals
582,5266876b8f4bf2da9b000362,2022-11-02,Strings
583,5266876b8f4bf2da9b000362,2022-11-02,Fundamentals
584,514b92a657cdc65150000006,2022-11-02,Mathematics
585,514b92a657cdc65150000006,2022-11-02,Algorithms
586,582001237a3a630ce8000a41,2022-10-18,SQL
587,582001237a3a630ce8000a41,2022-10-18,Fundamentals
588,582001237a3a630ce8000a41,2022-10-18,Databases
589,5812a2a2492760dfca000450,2022-10-12,SQL
590,5812a2a2492760dfca000450,2022-10-12,Fundamentals
591,589cf45835f99b2909000115,2022-10-12,Fundamentals
592,589cf45835f99b2909000115,2022-10-12,Databases
593,589cf45835f99b2909000115,2022-10-12,SQL
594,5817b124e7f4576fd00020a2,2022-10-12,Fundamentals
595,5817b124e7f4576fd00020a2,2022-10-12,Databases
596,5817b124e7f4576fd00020a2,2022-10-12,SQL
597,59be9f425227ddd60c00003b,2022-10-11,Mathematics
598,59be9f425227ddd60c00003b,2022-10-11,Databases
599,5982020284a83baf2f00001c,2022-10-11,Fundamentals
600,5982020284a83baf2f00001c,2022-10-11,SQL
601,5982020284a83baf2f00001c,2022-10-11,Databases
602,594257d4db68b6e99200002c,2022-10-11,Fundamentals
603,594257d4db68b6e99200002c,2022-10-11,Regular Expressions
604,594257d4db68b6e99200002c,2022-10-11,SQL
605,5811010104adbba24b0002fe,2022-10-11,SQL
606,5811010104adbba24b0002fe,2022-10-11,Fundamentals
607,581676828906324b8b00059e,2022-10-11,SQL
608,581676828906324b8b00059e,2022-10-11,Fundamentals
609,5816a3ecf54413a113000074,2022-10-11,SQL
610,5816a3ecf54413a113000074,2022-10-11,Fundamentals
611,5816a3ecf54413a113000074,2022-10-11,Databases
612,582cba7d3be8ce3a8300007c,2022-10-11,Fundamentals
613,582cba7d3be8ce3a8300007c,2022-10-11,SQL
614,582cba7d3be8ce3a8300007c,2022-10-11,Data Science
615,5811501c2d35672d4f000146,2022-10-11,SQL
616,5811501c2d35672d4f000146,2022-10-11,Fundamentals
617,593ef0e98b90525e090000b9,2022-10-11,Fundamentals
618,593ef0e98b90525e090000b9,2022-10-11,SQL
619,5dac87a0abe9f1001f39e36d,2022-10-10,Algorithms
620,58112f8004adbbdb500004fe,2022-10-10,SQL
621,58112f8004adbbdb500004fe,2022-10-10,Fundamentals
622,5db039743affec0027375de0,2022-10-10,Fundamentals
623,5db039743affec0027375de0,2022-10-10,SQL
624,5db039743affec0027375de0,2022-10-10,Data Science
625,5994dafcbddc2f116d000024,2022-10-08,SQL
626,5994dafcbddc2f116d000024,2022-10-08,Fundamentals
627,580d08b5c049aef8f900007c,2022-10-08,Fundamentals
628,580d08b5c049aef8f900007c,2022-10-08,SQL
629,580d08b5c049aef8f900007c,2022-10-08,Data Science
630,58094559c47d323ebd000035,2022-10-08,SQL
631,58094559c47d323ebd000035,2022-10-08,Fundamentals
632,58113a64e10b53ec36000293,2022-10-08,SQL
633,58113a64e10b53ec36000293,2022-10-08,Fundamentals
634,58164ddf890632ce00000220,2022-10-08,SQL
635,58164ddf890632ce00000220,2022-10-08,Fundamentals
636,5811315e04adbbdb5000050e,2022-10-07,SQL
637,5811315e04adbbdb5000050e,2022-10-07,Fundamentals
638,5818bde9559ff58bd90004a2,2022-09-29,SQL
639,5818bde9559ff58bd90004a2,2022-09-29,Fundamentals
640,5818bde9559ff58bd90004a2,2022-09-29,Databases
641,5e5f09dc0a17be0023920f6f,2022-09-24,Fundamentals
642,5e5f09dc0a17be0023920f6f,2022-09-24,SQL
643,5e5f09dc0a17be0023920f6f,2022-09-24,Databases
644,5e5f09dc0a17be0023920f6f,2022-09-24,Data Science
645,58126aa90ea99769e7000119,2022-09-23,SQL
646,58126aa90ea99769e7000119,2022-09-23,Fundamentals
647,5daf515c3affec002b2fb921,2022-09-23,SQL
648,5daf515c3affec002b2fb921,2022-09-23,Data Science
649,5daf515c3affec002b2fb921,2022-09-23,JSON
650,58241d05e7a162c5b100010f,2022-09-23,SQL
651,58241d05e7a162c5b100010f,2022-09-23,Fundamentals
652,58241d05e7a162c5b100010f,2022-09-23,Databases
653,58167fa1f544130dcf000317,2022-09-23,SQL
654,58167fa1f544130dcf000317,2022-09-23,Statistics
655,58167fa1f544130dcf000317,2022-09-23,Fundamentals
656,5811597e9d278beb04000038,2022-09-23,SQL
657,5811597e9d278beb04000038,2022-09-23,Fundamentals
658,526989a41034285187000de4,2022-09-23,Algorithms
659,594323fde53209e94700012a,2022-09-23,Fundamentals
660,5820176255c3d23f360000a9,2022-09-19,SQL
661,5820176255c3d23f360000a9,2022-09-19,Fundamentals
662,5820176255c3d23f360000a9,2022-09-19,Databases
663,5811527d9d278b242f000006,2022-09-19,SQL
664,5811527d9d278b242f000006,2022-09-19,Fundamentals
665,5809575e166583acfa000083,2022-09-19,SQL
666,5809575e166583acfa000083,2022-09-19,Fundamentals
667,5a8ed96bfd8c066e7f00011a,2022-06-27,SQL
668,5a8ed96bfd8c066e7f00011a,2022-06-27,Databases
669,5a8ed96bfd8c066e7f00011a,2022-06-27,Fundamentals
670,59401c25c15cbeb58d000028,2022-06-27,Fundamentals
671,59401c25c15cbeb58d000028,2022-06-27,SQL
672,58113c03009b4fcc66000d29,2022-06-27,SQL
673,58113c03009b4fcc66000d29,2022-06-27,Fundamentals
674,520446778469526ec0000001,2022-06-26,Arrays
675,520446778469526ec0000001,2022-06-26,Algorithms
676,580fb94e12b34dd1c40001f0,2022-06-26,SQL
677,580fb94e12b34dd1c40001f0,2022-06-26,Fundamentals
678,580918e24a85b05ad000010c,2022-06-25,SQL
679,580918e24a85b05ad000010c,2022-06-25,Databases
680,580918e24a85b05ad000010c,2022-06-25,Fundamentals
681,5629db57620258aa9d000014,2022-06-24,Fundamentals
682,5629db57620258aa9d000014,2022-06-24,Strings
683,559a28007caad2ac4e000083,2022-06-22,Mathematics
684,559a28007caad2ac4e000083,2022-06-22,Algorithms
685,550f22f4d758534c1100025a,2022-06-22,Fundamentals
686,52efefcbcdf57161d4000091,2022-06-22,Strings
687,52efefcbcdf57161d4000091,2022-06-22,Fundamentals
688,54a91a4883a7de5d7800009c,2022-06-22,Regular Expressions
689,54a91a4883a7de5d7800009c,2022-06-22,Strings
690,52742f58faf5485cae000b9a,2022-06-21,Strings
691,52742f58faf5485cae000b9a,2022-06-21,Date Time
692,52742f58faf5485cae000b9a,2022-06-21,Algorithms
693,52685f7382004e774f0001f7,2022-06-20,Date Time
694,52685f7382004e774f0001f7,2022-06-20,Mathematics
695,52685f7382004e774f0001f7,2022-06-20,Algorithms
696,523a86aa4230ebb5420001e1,2022-06-20,Strings
697,523a86aa4230ebb5420001e1,2022-06-20,Algorithms
698,51c8e37cee245da6b40000bd,2022-06-19,Strings
699,51c8e37cee245da6b40000bd,2022-06-19,Algorithms
700,5842df8ccbd22792a4000245,2022-06-19,Strings
701,5842df8ccbd22792a4000245,2022-06-19,Mathematics
702,5842df8ccbd22792a4000245,2022-06-19,Algorithms
703,5842df8ccbd22792a4000245,2022-06-19,Fundamentals
704,5287e858c6b5a9678200083c,2022-06-19,Algorithms
705,523f5d21c841566fde000009,2022-06-19,Arrays
706,523f5d21c841566fde000009,2022-06-19,Fundamentals
707,523f5d21c841566fde000009,2022-06-19,Algorithms
708,51b62bf6a9c58071c600001b,2022-06-19,Algorithms
709,56a5d994ac971f1ac500003e,2022-06-19,Fundamentals
710,550554fd08b86f84fe000a58,2022-06-18,Arrays
711,550554fd08b86f84fe000a58,2022-06-18,Lists
712,550554fd08b86f84fe000a58,2022-06-18,Strings
713,550554fd08b86f84fe000a58,2022-06-18,Refactoring
714,54521e9ec8e60bc4de000d6c,2022-06-18,Algorithms
715,54521e9ec8e60bc4de000d6c,2022-06-18,Lists
716,54521e9ec8e60bc4de000d6c,2022-06-18,Dynamic Programming
717,54521e9ec8e60bc4de000d6c,2022-06-18,Fundamentals
718,5208f99aee097e6552000148,2022-06-18,Strings
719,5208f99aee097e6552000148,2022-06-18,Fundamentals
720,55fd2d567d94ac3bc9000064,2022-06-18,Arrays
721,55fd2d567d94ac3bc9000064,2022-06-18,Lists
722,55fd2d567d94ac3bc9000064,2022-06-18,Mathematics
723,55fd2d567d94ac3bc9000064,2022-06-18,Fundamentals
724,55bf01e5a717a0d57e0000ec,2022-06-18,Fundamentals
725,55b42574ff091733d900002f,2022-06-18,Fundamentals
726,5552101f47fc5178b1000050,2022-06-18,Fundamentals
727,5552101f47fc5178b1000050,2022-06-18,Mathematics
728,525f50e3b73515a6db000b83,2022-06-18,Arrays
729,525f50e3b73515a6db000b83,2022-06-18,Strings
730,525f50e3b73515a6db000b83,2022-06-18,Regular Expressions
731,525f50e3b73515a6db000b83,2022-06-18,Algorithms
732,50654ddff44f800200000004,2022-06-18,Debugging
733,50654ddff44f800200000004,2022-06-18,Fundamentals
